FID,Código de Región,Nombre de Región,Código de Provincia,Nombre de Provincia,Código de Comuna,Nombre de Comuna,Nombre de Urbano,Tipo de Urbano,Categoría de Entidad,Total de Personas,Total Hombres,Total Mujeres,Total de Viviendas,Shape__Area,Shape__Length,x,y
1,13,METROPOLITANA DE SANTIAGO,134,MAIPO,13404,PAINE,PAINE,CAPITAL COMUNAL,CIUDAD,31317,15451,15866,9621,7914833.68554688,17793.6464594534,,
2,13,METROPOLITANA DE SANTIAGO,134,MAIPO,13404,PAINE,HOSPITAL,URBANO,CIUDAD,6122,3034,3088,1926,6642026.16992188,17333.6633017697,,
3,13,METROPOLITANA DE SANTIAGO,134,MAIPO,13402,BUIN,ALTO JAHUEL,URBANO,CIUDAD,7000,3451,3549,2112,2882953.38671875,13715.5110187614,,
4,13,METROPOLITANA DE SANTIAGO,134,MAIPO,13402,BUIN,BUIN,CAPITAL COMUNAL,CIUDAD,65607,31858,33749,21723,24983118.7519531,44558.2369212157,,
5,13,METROPOLITANA DE SANTIAGO,131,SANTIAGO,13103,CERRO NAVIA,CERRO NAVIA,CAPITAL COMUNAL,CIUDAD,132401,65297,67104,37963,15975128.0058594,19974.2488812564,,
6,13,METROPOLITANA DE SANTIAGO,131,SANTIAGO,13124,PUDAHUEL,PUDAHUEL,CAPITAL COMUNAL,CIUDAD,205558,100122,105436,62142,23043728.5878906,22509.3350218541,,
7,13,METROPOLITANA DE SANTIAGO,131,SANTIAGO,13124,PUDAHUEL,CIUDAD DEL VALLE,URBANO,CIUDAD,11512,5657,5855,3573,3808065.46484375,15308.4400542064,,
8,13,METROPOLITANA DE SANTIAGO,133,CHACABUCO,13301,COLINA,COLINA,CAPITAL PROVINCIAL,CIUDAD,88858,46598,42260,26529,24769589.2519531,36765.6820260805,,
9,13,METROPOLITANA DE SANTIAGO,133,CHACABUCO,13301,COLINA,CHICUREO,URBANO,CIUDAD,10975,5172,5803,2913,10173076.0273438,31006.300437731,,
10,13,METROPOLITANA DE SANTIAGO,133,CHACABUCO,13301,COLINA,CHAMISERO,URBANO,CIUDAD,7747,3636,4111,2492,5475329.7578125,21358.0731783652,,
11,13,METROPOLITANA DE SANTIAGO,133,CHACABUCO,13303,TILTIL,TILTIL,CAPITAL COMUNAL,CIUDAD,5549,2760,2789,1810,3686420.84765625,14851.1672118802,,
12,13,METROPOLITANA DE SANTIAGO,133,CHACABUCO,13302,LAMPA,BATUCO,URBANO,CIUDAD,16784,8524,8260,5037,5244725.08007813,17947.7799929929,,
13,13,METROPOLITANA DE SANTIAGO,133,CHACABUCO,13302,LAMPA,LAMPA,CAPITAL COMUNAL,CIUDAD,37599,18705,18894,11703,10344238.3378906,15068.3645809795,,
14,13,METROPOLITANA DE SANTIAGO,133,CHACABUCO,13302,LAMPA,VALLE GRANDE,URBANO,CIUDAD,16966,8452,8514,6502,12983811.4726563,16344.3781949328,,
15,13,METROPOLITANA DE SANTIAGO,133,CHACABUCO,13302,LAMPA,CHICAUMA,URBANO,CIUDAD,1764,894,870,601,1928233.91601563,5875.40954640534,,
16,13,METROPOLITANA DE SANTIAGO,131,SANTIAGO,13107,HUECHURABA,HUECHURABA,CAPITAL COMUNAL,CIUDAD,98500,48019,50481,28905,31584302.5097656,37558.9449179445,,
17,13,METROPOLITANA DE SANTIAGO,131,SANTIAGO,13104,CONCHALÍ,CONCHALÍ,CAPITAL COMUNAL,CIUDAD,126800,61784,65016,37721,15979605.7636719,16815.7932456967,,
18,13,METROPOLITANA DE SANTIAGO,135,MELIPILLA,13503,CURACAVÍ,CURACAVÍ,CAPITAL COMUNAL,CIUDAD,18686,9085,9601,6176,6357348.02929688,20102.033486475,,
19,13,METROPOLITANA DE SANTIAGO,131,SANTIAGO,13105,EL BOSQUE,EL BOSQUE,CAPITAL COMUNAL,CIUDAD,162415,79325,83090,47912,20688079.6796875,18631.6663064153,,
20,13,METROPOLITANA DE SANTIAGO,131,SANTIAGO,13106,ESTACIÓN CENTRAL,ESTACIÓN CENTRAL,CAPITAL COMUNAL,CIUDAD,140809,69617,71192,52413,20682566.5742188,22689.2277528928,,
21,13,METROPOLITANA DE SANTIAGO,131,SANTIAGO,13121,PEDRO AGUIRRE CERDA,PEDRO AGUIRRE CERDA,CAPITAL COMUNAL,CIUDAD,101035,49423,51612,29874,12625146.1855469,15651.7187741286,,
22,13,METROPOLITANA DE SANTIAGO,131,SANTIAGO,13108,INDEPENDENCIA,INDEPENDENCIA,CAPITAL COMUNAL,CIUDAD,100059,49025,51034,36610,10587218.65625,13798.3868807634,,
23,13,METROPOLITANA DE SANTIAGO,136,TALAGANTE,13603,ISLA DE MAIPO,ISLA DE MAIPO,CAPITAL COMUNAL,CIUDAD,14176,6982,7194,4767,12211898.296875,29279.6222762382,,
24,13,METROPOLITANA DE SANTIAGO,136,TALAGANTE,13603,ISLA DE MAIPO,LA ISLITA,URBANO,CIUDAD,11431,5641,5790,3394,2445732.64453125,10208.2379657652,,
25,13,METROPOLITANA DE SANTIAGO,131,SANTIAGO,13116,LO ESPEJO,LO ESPEJO,CAPITAL COMUNAL,CIUDAD,98651,49046,49605,26744,11886614.078125,13762.0738147799,,
26,13,METROPOLITANA DE SANTIAGO,131,SANTIAGO,13109,LA CISTERNA,LA CISTERNA,CAPITAL COMUNAL,CIUDAD,89889,43043,46846,31395,14401733.5878906,15356.4219188965,,
27,13,METROPOLITANA DE SANTIAGO,131,SANTIAGO,13112,LA PINTANA,LA PINTANA,CAPITAL COMUNAL,CIUDAD,176105,86377,89728,49655,44005772.2929688,31961.0275052385,,
28,13,METROPOLITANA DE SANTIAGO,131,SANTIAGO,13110,LA FLORIDA,LA FLORIDA,CAPITAL COMUNAL,CIUDAD,366376,175380,190996,119864,61168417.8769531,41594.43119705,,
29,13,METROPOLITANA DE SANTIAGO,131,SANTIAGO,13111,LA GRANJA,LA GRANJA,CAPITAL COMUNAL,CIUDAD,116312,56875,59437,34343,14562829.5097656,16986.3558275582,,
30,13,METROPOLITANA DE SANTIAGO,131,SANTIAGO,13118,MACUL,MACUL,CAPITAL COMUNAL,CIUDAD,116249,55021,61228,42998,18517268.5742188,18417.8115523526,,
31,13,METROPOLITANA DE SANTIAGO,131,SANTIAGO,13122,PEÑALOLÉN,PEÑALOLÉN,CAPITAL COMUNAL,CIUDAD,241394,116769,124625,70322,50633179.8847656,33687.9792680286,,
32,13,METROPOLITANA DE SANTIAGO,131,SANTIAGO,13114,LAS CONDES,LAS CONDES,CAPITAL COMUNAL,CIUDAD,294480,135721,158759,117878,65119785.3945313,44926.4298066473,,
33,13,METROPOLITANA DE SANTIAGO,131,SANTIAGO,13115,LO BARNECHEA,LO BARNECHEA,CAPITAL COMUNAL,CIUDAD,103092,48337,54755,29001,71158680.84375,65749.6157733153,,
34,13,METROPOLITANA DE SANTIAGO,131,SANTIAGO,13113,LA REINA,LA REINA,CAPITAL COMUNAL,CIUDAD,92678,43535,49143,29771,29435445.5546875,27336.4873580076,,
35,13,METROPOLITANA DE SANTIAGO,131,SANTIAGO,13120,ÑUÑOA,ÑUÑOA,CAPITAL COMUNAL,CIUDAD,208048,95304,112744,92179,24288323.8398438,21382.6384095952,,
36,13,METROPOLITANA DE SANTIAGO,131,SANTIAGO,13127,RECOLETA,RECOLETA,CAPITAL COMUNAL,CIUDAD,157569,77510,80059,50136,22715640.5214844,22324.0748533992,,
37,13,METROPOLITANA DE SANTIAGO,131,SANTIAGO,13123,PROVIDENCIA,PROVIDENCIA,CAPITAL COMUNAL,CIUDAD,141986,65652,76334,70926,20727385.1289063,19429.1994760686,,
38,13,METROPOLITANA DE SANTIAGO,131,SANTIAGO,13102,CERRILLOS,CERRILLOS,CAPITAL COMUNAL,CIUDAD,80710,39544,41166,24523,24198337.7246094,25227.769493539,,
39,13,METROPOLITANA DE SANTIAGO,131,SANTIAGO,13119,MAIPÚ,MAIPÚ,CAPITAL COMUNAL,CIUDAD,515240,247329,267911,159551,82585166.0742188,43950.0415037596,,
40,13,METROPOLITANA DE SANTIAGO,131,SANTIAGO,13117,LO PRADO,LO PRADO,CAPITAL COMUNAL,CIUDAD,95901,46607,49294,29417,9448923.28515625,12856.5022997543,,
41,13,METROPOLITANA DE SANTIAGO,131,SANTIAGO,13132,VITACURA,VITACURA,CAPITAL COMUNAL,CIUDAD,85300,38355,46945,31753,40872314.1191406,31136.2473881021,,
42,13,METROPOLITANA DE SANTIAGO,131,SANTIAGO,13126,QUINTA NORMAL,QUINTA NORMAL,CAPITAL COMUNAL,CIUDAD,109784,53520,56264,38914,17014139.1914063,21243.7968263416,,
43,13,METROPOLITANA DE SANTIAGO,135,MELIPILLA,13501,MELIPILLA,BOLLENAR,URBANO,CIUDAD,5308,2667,2641,1686,5636521.75390625,16178.9229837512,,
44,13,METROPOLITANA DE SANTIAGO,135,MELIPILLA,13501,MELIPILLA,MELIPILLA,CAPITAL PROVINCIAL,CIUDAD,72212,34990,37222,24853,19400332.4921875,26947.1412957975,,
45,13,METROPOLITANA DE SANTIAGO,136,TALAGANTE,13605,PEÑAFLOR,PEÑAFLOR,CAPITAL COMUNAL,CIUDAD,82959,40316,42643,26327,18790395.4453125,30959.6134504618,,
46,13,METROPOLITANA DE SANTIAGO,136,TALAGANTE,13604,PADRE HURTADO,PADRE HURTADO,CAPITAL COMUNAL,CIUDAD,55561,27451,28110,18378,18734024.2304688,21108.1129734233,,
47,13,METROPOLITANA DE SANTIAGO,132,CORDILLERA,13201,PUENTE ALTO,PUENTE ALTO,CAPITAL PROVINCIAL,CIUDAD,566561,274323,292238,171077,109645972.558594,57401.3571341493,,
48,13,METROPOLITANA DE SANTIAGO,131,SANTIAGO,13125,QUILICURA,QULICURA,CAPITAL COMUNAL,CIUDAD,209676,103013,106663,62228,59645027.4960938,42122.8450742737,,
49,13,METROPOLITANA DE SANTIAGO,131,SANTIAGO,13128,RENCA,RENCA,CAPITAL COMUNAL,CIUDAD,146987,72586,74401,43128,34181427.8144531,34681.9392143173,,
50,13,METROPOLITANA DE SANTIAGO,134,MAIPO,13403,CALERA DE TANGO,BAJOS DE SAN AGUSTÍN,URBANO,CIUDAD,7802,3856,3946,2377,2285485.03125,9343.2859695817,,
51,13,METROPOLITANA DE SANTIAGO,134,MAIPO,13401,SAN BERNARDO,SAN BERNARDO,CAPITAL PROVINCIAL,CIUDAD,290912,142513,148399,87046,79860726.5,53080.73467276,,
52,13,METROPOLITANA DE SANTIAGO,132,CORDILLERA,13203,SAN JOSÉ DE MAIPO,SAN JOSÉ DE MAIPO,CAPITAL COMUNAL,CIUDAD,6230,3121,3109,2036,3488282.83398438,10882.7808837848,,
53,13,METROPOLITANA DE SANTIAGO,132,CORDILLERA,13203,SAN JOSÉ DE MAIPO,LA OBRA - LAS VERTIENTES,URBANO,CIUDAD,3032,1509,1523,1169,4734254.82226563,17995.7105391395,,
54,13,METROPOLITANA DE SANTIAGO,132,CORDILLERA,13202,PIRQUE,PIRQUE,CAPITAL COMUNAL,CIUDAD,2685,1321,1364,820,3559229.78320313,22013.9521102631,,
55,13,METROPOLITANA DE SANTIAGO,132,CORDILLERA,13202,PIRQUE,EL PRINCIPAL,URBANO,CIUDAD,8829,4491,4338,2668,9405229.83984375,31402.924668813,,
56,13,METROPOLITANA DE SANTIAGO,131,SANTIAGO,13129,SAN JOAQUÍN,SAN JOAQUÍN,CAPITAL COMUNAL,CIUDAD,94325,45738,48587,30054,14337674.6113281,16946.382563709,,
57,13,METROPOLITANA DE SANTIAGO,131,SANTIAGO,13130,SAN MIGUEL,SAN MIGUEL,CAPITAL COMUNAL,CIUDAD,107828,50659,57169,42892,13863805.6289063,16029.8039055443,,
58,13,METROPOLITANA DE SANTIAGO,131,SANTIAGO,13131,SAN RAMÓN,SAN RAMÓN,CAPITAL COMUNAL,CIUDAD,82602,40710,41892,23743,9061336.203125,14097.960666905,,
59,13,METROPOLITANA DE SANTIAGO,131,SANTIAGO,13101,SANTIAGO,SANTIAGO,CAPITAL REGIONAL,CIUDAD,402847,205583,197264,193215,33329909.5644531,29265.433413499,,
60,13,METROPOLITANA DE SANTIAGO,136,TALAGANTE,13602,EL MONTE,EL MONTE,CAPITAL COMUNAL,CIUDAD,29998,14751,15247,9760,18807547.4335938,28217.1609282472,,
61,13,METROPOLITANA DE SANTIAGO,136,TALAGANTE,13601,TALAGANTE,TALAGANTE,CAPITAL PROVINCIAL,CIUDAD,56878,28063,28815,17723,15004221.6269531,23840.5041816351,,
62,6,DEL LIBERTADOR GENERAL BERNARDO O'HIGGINS,63,COLCHAGUA,6310,SANTA CRUZ,SANTA CRUZ,CAPITAL COMUNAL,CIUDAD,22681,10938,11743,8349,9949508.8359375,20321.8048857625,,
63,6,DEL LIBERTADOR GENERAL BERNARDO O'HIGGINS,63,COLCHAGUA,6302,CHÉPICA,CHÉPICA,CAPITAL COMUNAL,CIUDAD,6146,3010,3136,2246,5620178.41210938,20799.83357017,,
64,6,DEL LIBERTADOR GENERAL BERNARDO O'HIGGINS,61,CACHAPOAL,6104,COLTAUCO,DOÑIHUE,URBANO,CIUDAD,48,21,27,25,138179.732421875,2262.10046852214,,
65,6,DEL LIBERTADOR GENERAL BERNARDO O'HIGGINS,61,CACHAPOAL,6117,SAN VICENTE,SAN VICENTE DE TAGUA TAGUA,CAPITAL COMUNAL,CIUDAD,20827,10039,10788,7371,10293789.078125,25216.250003433,,
66,6,DEL LIBERTADOR GENERAL BERNARDO O'HIGGINS,61,CACHAPOAL,6104,COLTAUCO,COLTAUCO,CAPITAL COMUNAL,CIUDAD,5461,2636,2825,2134,11086935.7148438,22038.9912735036,,
67,6,DEL LIBERTADOR GENERAL BERNARDO O'HIGGINS,61,CACHAPOAL,6105,DOÑIHUE,LO MIRANDA,URBANO,CIUDAD,9000,4463,4537,3201,8303230.56640625,17364.1293313106,,
68,6,DEL LIBERTADOR GENERAL BERNARDO O'HIGGINS,61,CACHAPOAL,6105,DOÑIHUE,DOÑIHUE,CAPITAL COMUNAL,CIUDAD,7401,3593,3808,2723,6274790.9609375,22689.2111639067,,
69,6,DEL LIBERTADOR GENERAL BERNARDO O'HIGGINS,61,CACHAPOAL,6111,OLIVAR,GULTRO,URBANO,CIUDAD,5423,2736,2687,1785,6267021.72070313,13169.3389745446,,
70,6,DEL LIBERTADOR GENERAL BERNARDO O'HIGGINS,61,CACHAPOAL,6116,REQUÍNOA,LOS LIRIOS,URBANO,CIUDAD,4569,2293,2276,1452,6028583.27734375,16365.4265151439,,
71,6,DEL LIBERTADOR GENERAL BERNARDO O'HIGGINS,61,CACHAPOAL,6116,REQUÍNOA,REQUÍNOA,CAPITAL COMUNAL,CIUDAD,10539,5191,5348,3389,3611470.74609375,16406.6915771633,,
72,6,DEL LIBERTADOR GENERAL BERNARDO O'HIGGINS,61,CACHAPOAL,6115,RENGO,RENGO,CAPITAL COMUNAL,CIUDAD,37721,18071,19650,13295,13101351.859375,25160.5965448842,,
73,6,DEL LIBERTADOR GENERAL BERNARDO O'HIGGINS,61,CACHAPOAL,6114,QUINTA DE TILCOCO,QUINTA DE TILCOCO,CAPITAL COMUNAL,CIUDAD,7223,3545,3678,2582,8239529.37695313,29787.6776920091,,
74,6,DEL LIBERTADOR GENERAL BERNARDO O'HIGGINS,61,CACHAPOAL,6110,MOSTAZAL,SAN FRANCISCO DE MOSTAZAL,URBANO,CIUDAD,12719,6283,6436,4261,7135991.55273438,19408.7081028134,,
75,6,DEL LIBERTADOR GENERAL BERNARDO O'HIGGINS,61,CACHAPOAL,6110,MOSTAZAL,LA PUNTA,URBANO,CIUDAD,6990,3502,3488,2491,8054819.58203125,17752.5191658175,,
76,6,DEL LIBERTADOR GENERAL BERNARDO O'HIGGINS,61,CACHAPOAL,6106,GRANEROS,GRANEROS,CAPITAL COMUNAL,CIUDAD,28679,14120,14559,9790,6530777.296875,15491.450486085,,
77,6,DEL LIBERTADOR GENERAL BERNARDO O'HIGGINS,61,CACHAPOAL,6102,CODEGUA,CODEGUA,CAPITAL COMUNAL,CIUDAD,6659,3258,3401,2246,5459241.8671875,18373.5585205429,,
78,6,DEL LIBERTADOR GENERAL BERNARDO O'HIGGINS,62,CARDENAL CARO,6201,PICHILEMU,PICHILEMU,CAPITAL PROVINCIAL,CIUDAD,12776,6334,6442,9249,14809071.734375,23999.17208654,,
79,6,DEL LIBERTADOR GENERAL BERNARDO O'HIGGINS,63,COLCHAGUA,6307,PERALILLO,PERALILLO,CAPITAL COMUNAL,CIUDAD,5304,2622,2682,1983,5247025.14648438,16406.0680352714,,
80,6,DEL LIBERTADOR GENERAL BERNARDO O'HIGGINS,61,CACHAPOAL,6112,PEUMO,PUNTA DE DIAMANTE,URBANO,CIUDAD,306,155,151,111,920921.171875,4631.56663651564,,
81,6,DEL LIBERTADOR GENERAL BERNARDO O'HIGGINS,61,CACHAPOAL,6112,PEUMO,PEUMO,CAPITAL COMUNAL,CIUDAD,8522,4242,4280,2974,5407072.90820313,18128.8971157229,,
82,6,DEL LIBERTADOR GENERAL BERNARDO O'HIGGINS,61,CACHAPOAL,6113,PICHIDEGUA,PICHIDEGUA,CAPITAL COMUNAL,CIUDAD,5604,2821,2783,1956,5186797.8046875,21370.4641496648,,
83,6,DEL LIBERTADOR GENERAL BERNARDO O'HIGGINS,61,CACHAPOAL,6107,LAS CABRAS,LAS CABRAS,CAPITAL COMUNAL,CIUDAD,7766,3803,3963,2730,4211639.26367188,14476.0358508392,,
84,6,DEL LIBERTADOR GENERAL BERNARDO O'HIGGINS,63,COLCHAGUA,6305,NANCAGUA,NANCAGUA,CAPITAL COMUNAL,CIUDAD,8774,4258,4516,3216,4010276.28710938,13293.8994618432,,
85,6,DEL LIBERTADOR GENERAL BERNARDO O'HIGGINS,61,CACHAPOAL,6101,RANCAGUA,RANCAGUA,CAPITAL REGIONAL,CIUDAD,231370,111853,119517,87085,77479338.4179688,46889.1938499775,,
86,6,DEL LIBERTADOR GENERAL BERNARDO O'HIGGINS,61,CACHAPOAL,6108,MACHALÍ,MACHALÍ,CAPITAL COMUNAL,CIUDAD,48667,23538,25129,18016,44021860.6425781,38091.9455085194,,
87,6,DEL LIBERTADOR GENERAL BERNARDO O'HIGGINS,63,COLCHAGUA,6301,SAN FERNANDO,SAN FERNANDO,CAPITAL PROVINCIAL,CIUDAD,58367,27995,30372,22068,18137610.796875,28331.5918726929,,
88,6,DEL LIBERTADOR GENERAL BERNARDO O'HIGGINS,63,COLCHAGUA,6303,CHIMBARONGO,CHIMBARONGO,CAPITAL COMUNAL,CIUDAD,16813,8238,8575,6127,11217237.5898438,34758.0809036081,,
89,7,DEL MAULE,72,CAUQUENES,7201,CAUQUENES,CAUQUENES,CAPITAL PROVINCIAL,CIUDAD,32135,14766,17369,13508,21040939.09375,38096.5882595707,,
90,7,DEL MAULE,71,TALCA,7102,CONSTITUCIÓN,CONSTITUCIÓN,CAPITAL COMUNAL,CIUDAD,34022,16778,17244,12873,11894342.4335938,25962.1689486921,,
91,7,DEL MAULE,73,CURICÓ,7304,MOLINA,MOLINA,CAPITAL COMUNAL,CIUDAD,37189,18049,19140,13542,22781192.3554688,54485.1970404493,,
92,7,DEL MAULE,73,CURICÓ,7301,CURICÓ,CURICÓ,CAPITAL PROVINCIAL,CIUDAD,125275,60246,65029,45576,50599708.359375,54968.0853928413,,
93,7,DEL MAULE,73,CURICÓ,7302,HUALAÑÉ,HUALAÑÉ,CAPITAL COMUNAL,CIUDAD,5740,2865,2875,2426,7383566.17773438,23337.3911765717,,
94,7,DEL MAULE,73,CURICÓ,7305,RAUCO,RAUCO,CAPITAL COMUNAL,CIUDAD,5520,2679,2841,2023,5217242.44921875,13462.8327988997,,
95,7,DEL MAULE,74,LINARES,7402,COLBÚN,COLBÚN,URBANO,CIUDAD,6928,3256,3672,2807,5997600.41601563,19158.9111612599,,
96,7,DEL MAULE,74,LINARES,7401,LINARES,LINARES,CAPITAL PROVINCIAL,CIUDAD,73602,34455,39147,26860,25093574.9882813,26775.7543561602,,
97,7,DEL MAULE,74,LINARES,7403,LONGAVÍ,LONGAVÍ,CAPITAL COMUNAL,CIUDAD,7098,3383,3715,2570,5537497.06445313,16937.5251151934,,
98,7,DEL MAULE,74,LINARES,7404,PARRAL,PARRAL,CAPITAL COMUNAL,CIUDAD,30767,14495,16272,12107,15158485.984375,19811.4970059094,,
99,7,DEL MAULE,74,LINARES,7405,RETIRO,RETIRO,URBANO,CIUDAD,5498,2631,2867,2156,4422365.24804688,12428.2971423609,,
100,7,DEL MAULE,74,LINARES,7406,SAN JAVIER,SAN JAVIER,URBANO,CIUDAD,29017,13614,15403,10656,13744264.1269531,22843.196884928,,
101,7,DEL MAULE,73,CURICÓ,7306,ROMERAL,ROMERAL,URBANO,CIUDAD,6480,3124,3356,2214,3985190.96679688,12293.89912105,,
102,7,DEL MAULE,73,CURICÓ,7308,TENO,TENO,CAPITAL COMUNAL,CIUDAD,9508,4638,4870,3430,6534166.01171875,21021.1987271014,,
103,7,DEL MAULE,71,TALCA,7109,SAN CLEMENTE,SAN CLEMENTE,CAPITAL COMUNAL,CIUDAD,20350,9577,10773,7217,10657471.4335938,22322.213782328,,
104,7,DEL MAULE,71,TALCA,7105,MAULE,MAULE,CAPITAL COMUNAL,CIUDAD,7039,3448,3591,2481,3516481.41601563,10552.1991732571,,
105,7,DEL MAULE,71,TALCA,7101,TALCA,TALCA,CAPITAL REGIONAL,CIUDAD,206069,98428,107641,75749,74757124.6464844,51660.922580511,,
106,7,DEL MAULE,71,TALCA,7105,MAULE,CULENAR,URBANO,CIUDAD,30278,14484,15794,11506,8922971.16992188,17539.7623518369,,
107,7,DEL MAULE,74,LINARES,7407,VILLA ALEGRE,VILLA ALEGRE,URBANO,CIUDAD,8159,3814,4345,3428,5563824.15039063,18699.8980598305,,
108,11,DE AYSÉN DEL GENERAL CARLOS IBÁÑEZ DEL CAM,112,AYSÉN,11201,AYSÉN,PUERTO AYSÉN,CAPITAL PROVINCIAL,CIUDAD,17441,8805,8636,6660,17300356.5859375,25934.4027560943,,
109,11,DE AYSÉN DEL GENERAL CARLOS IBÁÑEZ DEL CAM,114,GENERAL CARRERA,11401,CHILE CHICO,CHILE CHICO,CAPITAL PROVINCIAL,CIUDAD,3129,1569,1560,1419,2991524.59375,9808.42707712025,,
110,11,DE AYSÉN DEL GENERAL CARLOS IBÁÑEZ DEL CAM,113,CAPITÁN PRAT,11301,COCHRANE,COCHRANE,CAPITAL PROVINCIAL,CIUDAD,2789,1440,1349,1296,5273133.44140625,15372.1332739841,,
111,11,DE AYSÉN DEL GENERAL CARLOS IBÁÑEZ DEL CAM,111,COYHAIQUE,11101,COYHAIQUE,COYHAIQUE,CAPITAL REGIONAL,CIUDAD,49667,24166,25501,18848,27063005.9492188,30376.4333102057,,
112,10,DE LOS LAGOS,102,CHILOÉ,10202,ANCUD,ANCUD,CAPITAL COMUNAL,CIUDAD,28162,13419,14743,11063,15580818.3242188,29927.4570154753,,
113,10,DE LOS LAGOS,102,CHILOÉ,10205,DALCAHUE,DALCAHUE,CAPITAL COMUNAL,CIUDAD,7120,3494,3626,2644,6423898.8203125,13934.8866111625,,
114,10,DE LOS LAGOS,102,CHILOÉ,10201,CASTRO,CASTRO,CAPITAL PROVINCIAL,CIUDAD,33417,16276,17141,13097,26209703.6796875,58374.928937807,,
115,10,DE LOS LAGOS,104,PALENA,10401,CHAITÉN,CHAITÉN,CAPITAL PROVINCIAL,CIUDAD,1639,864,775,738,3534921.67578125,10103.866564297,,
116,10,DE LOS LAGOS,102,CHILOÉ,10203,CHONCHI,CHONCHI,CAPITAL COMUNAL,CIUDAD,5632,2790,2842,2126,4973431.3671875,11381.4659325249,,
117,10,DE LOS LAGOS,101,LLANQUIHUE,10106,LOS MUERMOS,LOS MUERMOS,CAPITAL COMUNAL,CIUDAD,7928,3739,4189,2962,8965215.953125,20305.7422232646,,
118,10,DE LOS LAGOS,101,LLANQUIHUE,10104,FRESIA,FRESIA,CAPITAL COMUNAL,CIUDAD,7328,3549,3779,2792,7666491.5703125,15510.3291206029,,
119,10,DE LOS LAGOS,101,LLANQUIHUE,10105,FRUTILLAR,FRUTILLAR,CAPITAL COMUNAL,CIUDAD,12876,6233,6643,5226,11556183.4140625,27892.7126793082,,
120,10,DE LOS LAGOS,101,LLANQUIHUE,10107,LLANQUIHUE,LLANQUIHUE,CAPITAL COMUNAL,CIUDAD,12945,6269,6676,4260,7544463.3125,17301.2795995455,,
121,10,DE LOS LAGOS,101,LLANQUIHUE,10102,CALBUCO,CALBUCO,CAPITAL COMUNAL,CIUDAD,15903,7776,8127,5991,10892297.71875,26968.6348772822,,
122,10,DE LOS LAGOS,101,LLANQUIHUE,10101,PUERTO MONTT,ALERCE,URBANO,CIUDAD,42267,20212,22055,14021,14175629.8398438,19649.5830381797,,
123,10,DE LOS LAGOS,101,LLANQUIHUE,10101,PUERTO MONTT,PUERTO MONTT,CAPITAL REGIONAL,CIUDAD,169736,83227,86509,64797,90853711.0703125,102647.489826569,,
124,10,DE LOS LAGOS,101,LLANQUIHUE,10109,PUERTO VARAS,PUERTO VARAS,CAPITAL COMUNAL,CIUDAD,26172,12541,13631,9644,11477599.1601563,29396.697739002,,
125,10,DE LOS LAGOS,103,OSORNO,10305,RÍO NEGRO,RÍO NEGRO,CAPITAL COMUNAL,CIUDAD,6978,3312,3666,2635,4827062.296875,14097.824639415,,
126,10,DE LOS LAGOS,103,OSORNO,10303,PURRANQUE,PURRANQUE,CAPITAL COMUNAL,CIUDAD,12614,5978,6636,4444,8225109.28515625,17749.5671485458,,
127,10,DE LOS LAGOS,102,CHILOÉ,10208,QUELLÓN,QUELLÓN,CAPITAL COMUNAL,CIUDAD,17552,8687,8865,6708,10835669.5703125,29321.9622096571,,
128,10,DE LOS LAGOS,103,OSORNO,10301,OSORNO,OSORNO,CAPITAL PROVINCIAL,CIUDAD,147666,70075,77591,54704,56163234.4804688,48828.4068418307,,
129,9,DE LA ARAUCANÍA,91,CAUTÍN,9102,CARAHUE,CARAHUE,CAPITAL COMUNAL,CIUDAD,11325,5381,5944,4109,5425842.18359375,13032.9832242052,,
130,9,DE LA ARAUCANÍA,92,MALLECO,9211,VICTORIA,VICTORIA,CAPITAL COMUNAL,CIUDAD,24773,11567,13206,8926,13275592.5546875,20520.9377065625,,
131,9,DE LA ARAUCANÍA,92,MALLECO,9202,COLLIPULLI,COLLIPULLI,CAPITAL COMUNAL,CIUDAD,16175,7649,8526,5974,5942166.2578125,12007.1366083042,,
132,9,DE LA ARAUCANÍA,91,CAUTÍN,9103,CUNCO,CUNCO,CAPITAL COMUNAL,CIUDAD,7166,3384,3782,2704,6821964.03125,16423.7062629985,,
133,9,DE LA ARAUCANÍA,91,CAUTÍN,9120,VILLARRICA,VILLARRICA,CAPITAL COMUNAL,CIUDAD,31780,15182,16598,12855,12217718.2304688,26222.675527652,,
134,9,DE LA ARAUCANÍA,92,MALLECO,9203,CURACAUTÍN,CURACAUTÍN,CAPITAL COMUNAL,CIUDAD,12679,5881,6798,5383,7750946.7265625,14141.7297247668,,
135,9,DE LA ARAUCANÍA,91,CAUTÍN,9115,PUCÓN,PUCÓN,CAPITAL COMUNAL,CIUDAD,17538,8457,9081,10291,20734546.6328125,40515.2751556405,,
136,9,DE LA ARAUCANÍA,91,CAUTÍN,9105,FREIRE,FREIRE,CAPITAL COMUNAL,CIUDAD,5443,2621,2822,1823,1914122.14453125,7565.21882237104,,
137,9,DE LA ARAUCANÍA,91,CAUTÍN,9114,PITRUFQUÉN,PITRUFQUÉN,CAPITAL COMUNAL,CIUDAD,16516,7774,8742,6165,8009468.1171875,16014.9628753202,,
138,9,DE LA ARAUCANÍA,91,CAUTÍN,9109,LONCOCHE,LONCOCHE,CAPITAL COMUNAL,CIUDAD,15303,7268,8035,6054,7894318.21484375,13932.2989496612,,
139,9,DE LA ARAUCANÍA,91,CAUTÍN,9107,GORBEA,GORBEA,CAPITAL COMUNAL,CIUDAD,8592,3985,4607,3315,6912876.5078125,15614.1235750342,,
140,9,DE LA ARAUCANÍA,91,CAUTÍN,9108,LAUTARO,LAUTARO,CAPITAL COMUNAL,CIUDAD,24280,11426,12854,8816,11626146.6953125,21688.1497351606,,
141,9,DE LA ARAUCANÍA,92,MALLECO,9208,PURÉN,PURÉN,CAPITAL COMUNAL,CIUDAD,7524,3509,4015,3106,5068661.4921875,15558.7043252031,,
142,9,DE LA ARAUCANÍA,92,MALLECO,9210,TRAIGUÉN,TRAIGUÉN,CAPITAL COMUNAL,CIUDAD,14257,6576,7681,5628,8258520.40234375,15025.0997824073,,
143,9,DE LA ARAUCANÍA,92,MALLECO,9209,RENAICO,RENAICO,CAPITAL COMUNAL,CIUDAD,6516,3052,3464,2518,3029905.8125,7606.76909260032,,
144,9,DE LA ARAUCANÍA,92,MALLECO,9201,ANGOL,ANGOL,CAPITAL PROVINCIAL,CIUDAD,48608,23074,25534,17380,24895106.296875,33878.6975842086,,
145,9,DE LA ARAUCANÍA,91,CAUTÍN,9112,PADRE LAS CASAS,PADRE LAS CASAS,CAPITAL COMUNAL,CIUDAD,42020,19764,22256,14741,10100812.0507813,19353.5396570011,,
146,9,DE LA ARAUCANÍA,91,CAUTÍN,9101,TEMUCO,LABRANZA,URBANO,CIUDAD,24008,11270,12738,8841,6659188.78515625,17308.3905552747,,
147,9,DE LA ARAUCANÍA,91,CAUTÍN,9101,TEMUCO,TEMUCO,CAPITAL REGIONAL,CIUDAD,235509,111545,123964,87816,82401697.953125,64433.1302081256,,
148,9,DE LA ARAUCANÍA,91,CAUTÍN,9111,NUEVA IMPERIAL,NUEVA IMPERIAL,CAPITAL COMUNAL,CIUDAD,18751,8817,9934,6416,7403135.80859375,16490.0831260492,,
149,9,DE LA ARAUCANÍA,91,CAUTÍN,9119,VILCÚN,VILCÚN,CAPITAL COMUNAL,CIUDAD,6416,3028,3388,2595,4339974.25,13950.8061258061,,
150,9,DE LA ARAUCANÍA,91,CAUTÍN,9119,VILCÚN,CAJÓN,URBANO,CIUDAD,5673,2744,2929,1923,1825645.2109375,7042.76855062322,,
151,5,DE VALPARAÍSO,56,SAN ANTONIO,5602,ALGARROBO,MIRASOL - EL YECO,URBANO,CIUDAD,1818,885,933,3915,7319570.015625,20153.1099044026,,
152,5,DE VALPARAÍSO,56,SAN ANTONIO,5602,ALGARROBO,ALGARROBO,CAPITAL COMUNAL,CIUDAD,9062,4367,4695,12987,16556253.1152344,29942.259401961,,
153,5,DE VALPARAÍSO,56,SAN ANTONIO,5604,EL QUISCO,EL QUISCO,CAPITAL COMUNAL,CIUDAD,14769,7201,7568,17287,21707436.3007813,41423.2196567737,,
154,5,DE VALPARAÍSO,55,QUILLOTA,5502,CALERA,LA CALERA,CAPITAL COMUNAL,CIUDAD,47072,22679,24393,16899,18558759.1660156,20440.6021535831,,
155,5,DE VALPARAÍSO,55,QUILLOTA,5503,HIJUELAS,HIJUELAS,CAPITAL COMUNAL,CIUDAD,9418,4616,4802,3234,12928742.7207031,31089.9407890559,,
156,5,DE VALPARAÍSO,55,QUILLOTA,5506,NOGALES,EL MELÓN,URBANO,CIUDAD,9808,4732,5076,3307,5802194.1328125,21184.7605406476,,
157,5,DE VALPARAÍSO,55,QUILLOTA,5506,NOGALES,NOGALES,CAPITAL COMUNAL,CIUDAD,8889,4288,4601,2985,4422072.7578125,16718.4591232766,,
158,5,DE VALPARAÍSO,56,SAN ANTONIO,5603,CARTAGENA,CARTAGENA,CAPITAL COMUNAL,CIUDAD,20792,10246,10546,14931,16654658.7089844,30325.486348018,,
159,5,DE VALPARAÍSO,56,SAN ANTONIO,5605,EL TABO,LAS CRUCES,URBANO,CIUDAD,5490,2710,2780,8062,14641374.7167969,32304.8919665467,,
160,5,DE VALPARAÍSO,56,SAN ANTONIO,5605,EL TABO,EL TABO,CAPITAL COMUNAL,CIUDAD,6982,3539,3443,11402,16855389.0625,24201.1086452017,,
161,5,DE VALPARAÍSO,51,VALPARAÍSO,5109,VIÑA DEL MAR,VIÑA DEL MAR,CAPITAL COMUNAL,CIUDAD,332875,157967,174908,146717,171902397.677734,77155.8964354992,,
162,5,DE VALPARAÍSO,51,VALPARAÍSO,5103,CONCÓN,CONCÓN,CAPITAL COMUNAL,CIUDAD,39345,18784,20561,19199,29090402.8574219,40969.8528702579,,
163,5,DE VALPARAÍSO,52,ISLA DE PASCUA,5201,ISLA DE PASCUA,HANGA ROA,CAPITAL PROVINCIAL,CIUDAD,7163,3523,3640,2762,16111565.1367188,26640.9951856261,,
164,5,DE VALPARAÍSO,54,PETORCA,5401,LA LIGUA,LA LIGUA,CAPITAL PROVINCIAL,CIUDAD,19127,9055,10072,7276,6955997.8515625,14456.9538758751,,
165,5,DE VALPARAÍSO,53,LOS ANDES,5301,LOS ANDES,LOS ANDES,CAPITAL PROVINCIAL,CIUDAD,59388,28700,30688,21869,17467674.4746094,26747.5008666608,,
166,5,DE VALPARAÍSO,53,LOS ANDES,5304,SAN ESTEBAN,SAN ESTEBAN,CAPITAL COMUNAL,CIUDAD,10293,4901,5392,3661,4359593.00585938,18557.5618555487,,
167,5,DE VALPARAÍSO,58,MARGA MARGA,5802,LIMACHE,LIMACHE,CAPITAL COMUNAL,CIUDAD,39002,18735,20267,13845,24313572.8691406,49081.4867350878,,
168,5,DE VALPARAÍSO,58,MARGA MARGA,5803,OLMUÉ,OLMUÉ,CAPITAL COMUNAL,CIUDAD,11996,5799,6197,5760,20500113.8535156,47477.6755700532,,
169,5,DE VALPARAÍSO,57,SAN FELIPE DE ACONCAGUA,5703,LLAILLAY,LLAILLAY,CAPITAL COMUNAL,CIUDAD,17934,8743,9191,6368,9683808.86132813,15668.8048806427,,
170,5,DE VALPARAÍSO,54,PETORCA,5402,CABILDO,CABILDO,CAPITAL COMUNAL,CIUDAD,10909,5178,5731,3760,4226862.03710938,14183.9131987914,,
171,5,DE VALPARAÍSO,51,VALPARAÍSO,5105,PUCHUNCAVÍ,PUCHUNCAVÍ,CAPITAL COMUNAL,CIUDAD,5271,2572,2699,2031,7025930.61132813,22285.0311850036,,
172,5,DE VALPARAÍSO,51,VALPARAÍSO,5105,PUCHUNCAVÍ,LAS VENTANAS,URBANO,CIUDAD,8314,4202,4112,9541,19119295.9277344,28613.3700175438,,
173,5,DE VALPARAÍSO,51,VALPARAÍSO,5107,QUINTERO,QUINTERO,CAPITAL COMUNAL,CIUDAD,26247,12840,13407,14768,17562468.9101563,30179.0734575237,,
174,5,DE VALPARAÍSO,57,SAN FELIPE DE ACONCAGUA,5705,PUTAENDO,PUTAENDO,CAPITAL COMUNAL,CIUDAD,6722,3278,3444,2459,6575296.11132813,23977.5543355289,,
175,5,DE VALPARAÍSO,57,SAN FELIPE DE ACONCAGUA,5706,SANTA MARÍA,SANTA MARÍA,CAPITAL COMUNAL,CIUDAD,7671,3714,3957,2724,7183074.39453125,18934.2985555798,,
176,5,DE VALPARAÍSO,57,SAN FELIPE DE ACONCAGUA,5706,SANTA MARÍA,VILLA LOS ALMENDROS,URBANO,CIUDAD,423,215,208,131,190738.7734375,2020.55537194315,,
177,5,DE VALPARAÍSO,55,QUILLOTA,5504,LA CRUZ,LA CRUZ,CAPITAL COMUNAL,CIUDAD,19408,9305,10103,7062,13262674.296875,26921.8413810379,,
178,5,DE VALPARAÍSO,55,QUILLOTA,5501,QUILLOTA,QUILLOTA,CAPITAL PROVINCIAL,CIUDAD,73261,34536,38725,27291,21614288.7949219,22261.1953653381,,
179,5,DE VALPARAÍSO,58,MARGA MARGA,5804,VILLA ALEMANA,VILLA ALEMANA,CAPITAL COMUNAL,CIUDAD,125140,59009,66131,44401,40714632.8496094,31794.3506277055,,
180,5,DE VALPARAÍSO,58,MARGA MARGA,5801,QUILPUÉ,QUILPUÉ,CAPITAL COMUNAL,CIUDAD,147991,69816,78175,54845,56397460.4121094,53494.3908536884,,
181,5,DE VALPARAÍSO,53,LOS ANDES,5303,RINCONADA,RINCONADA,CAPITAL COMUNAL,CIUDAD,8036,4006,4030,2791,8037732.0546875,24564.7447906229,,
182,5,DE VALPARAÍSO,53,LOS ANDES,5302,CALLE LARGA,CALLE LARGA,CAPITAL COMUNAL,CIUDAD,9653,4667,4986,3570,7172761.40820313,29698.2099075622,,
183,5,DE VALPARAÍSO,57,SAN FELIPE DE ACONCAGUA,5701,SAN FELIPE,SAN FELIPE,CAPITAL PROVINCIAL,CIUDAD,64120,30770,33350,23202,21914464.5996094,30359.5261392141,,
184,5,DE VALPARAÍSO,57,SAN FELIPE DE ACONCAGUA,5702,CATEMU,CATEMU,CAPITAL COMUNAL,CIUDAD,7772,3816,3956,2641,6453538.62109375,20752.1917869743,,
185,5,DE VALPARAÍSO,56,SAN ANTONIO,5606,SANTO DOMINGO,SANTO DOMINGO,CAPITAL COMUNAL,CIUDAD,6147,2926,3221,4361,12560106.3847656,19567.0172440856,,
186,5,DE VALPARAÍSO,56,SAN ANTONIO,5601,SAN ANTONIO,SAN ANTONIO,CAPITAL PROVINCIAL,CIUDAD,86239,41995,44244,29943,32249357.0078125,56734.2602070688,,
187,5,DE VALPARAÍSO,51,VALPARAÍSO,5101,VALPARAÍSO,VALPARAÍSO,CAPITAL REGIONAL,CIUDAD,251177,122482,128695,97191,68442720.5566406,52141.8418463638,,
188,5,DE VALPARAÍSO,51,VALPARAÍSO,5101,VALPARAÍSO,PLACILLA DE PEÑUELAS,URBANO,CIUDAD,39344,18912,20432,13640,22302943.9550781,29114.2388869223,,
189,5,DE VALPARAÍSO,51,VALPARAÍSO,5102,CASABLANCA,CASABLANCA,CAPITAL COMUNAL,CIUDAD,17948,8676,9272,6232,12176745.9414063,21430.0213728578,,
190,4,DE COQUIMBO,43,LIMARÍ,4302,COMBARBALÁ,COMBARBALÁ,CAPITAL COMUNAL,CIUDAD,5915,2805,3110,2604,4566594.39257813,11897.340150631,,
191,4,DE COQUIMBO,43,LIMARÍ,4304,PUNITAQUI,PUNITAQUI,CAPITAL COMUNAL,CIUDAD,5700,2695,3005,2366,6694066.22851563,16880.7235079884,,
192,4,DE COQUIMBO,41,ELQUI,4103,ANDACOLLO,ANDACOLLO,CAPITAL COMUNAL,CIUDAD,9989,4967,5022,3801,5805494.65820313,17526.3662355362,,
193,4,DE COQUIMBO,41,ELQUI,4102,COQUIMBO,TONGOY,URBANO,CIUDAD,5552,2909,2643,2600,5266413.54492188,15632.455785539,,
194,4,DE COQUIMBO,41,ELQUI,4102,COQUIMBO,COQUIMBO,CAPITAL PROVINCIAL,CIUDAD,204068,97714,106354,76337,71242437.5722656,85514.6279313779,,
195,4,DE COQUIMBO,42,CHOAPA,4201,ILLAPEL,ILLAPEL,CAPITAL PROVINCIAL,CIUDAD,20751,9610,11141,7750,9105500.18164063,21851.9507141762,,
196,4,DE COQUIMBO,41,ELQUI,4101,LA SERENA,LA SERENA,CAPITAL REGIONAL,CIUDAD,195382,92063,103319,76998,71623486.359375,59020.7001435042,,
197,4,DE COQUIMBO,42,CHOAPA,4204,SALAMANCA,SALAMANCA,CAPITAL COMUNAL,CIUDAD,13520,6754,6766,4750,8213831.74609375,17404.4542426366,,
198,4,DE COQUIMBO,42,CHOAPA,4203,LOS VILOS,LOS VILOS,CAPITAL COMUNAL,CIUDAD,13816,6971,6845,6792,7269463.97265625,19241.8222124204,,
199,4,DE COQUIMBO,43,LIMARÍ,4303,MONTE PATRIA,MONTE PATRIA,CAPITAL COMUNAL,CIUDAD,6533,3216,3317,2407,4864450.35351563,18297.6375020121,,
200,4,DE COQUIMBO,43,LIMARÍ,4303,MONTE PATRIA,EL PALQUI,URBANO,CIUDAD,6175,2963,3212,2094,4906837.953125,10946.837426803,,
201,4,DE COQUIMBO,43,LIMARÍ,4301,OVALLE,OVALLE,CAPITAL PROVINCIAL,CIUDAD,75864,35548,40316,26819,20143623.1835938,27849.3413821735,,
202,4,DE COQUIMBO,41,ELQUI,4106,VICUÑA,VICUÑA,CAPITAL COMUNAL,CIUDAD,15872,7636,8236,5836,7441019.33007813,20135.843345204,,
203,14,DE LOS RÍOS,142,RANCO,14204,RÍO BUENO,RÍO BUENO,CAPITAL COMUNAL,CIUDAD,16909,7950,8959,6623,10172681.234375,16257.1726269569,,
204,14,DE LOS RÍOS,142,RANCO,14201,LA UNIÓN,LA UNIÓN,CAPITAL PROVINCIAL,CIUDAD,26517,12554,13963,9911,19168969.5234375,30337.0142348991,,
205,14,DE LOS RÍOS,142,RANCO,14202,FUTRONO,FUTRONO,CAPITAL COMUNAL,CIUDAD,7095,3398,3697,2845,8262091.67578125,22290.662167465,,
206,14,DE LOS RÍOS,141,VALDIVIA,14104,LOS LAGOS,LOS LAGOS,CAPITAL COMUNAL,CIUDAD,9746,4689,5057,3480,7116110.12109375,19920.38230791,,
207,14,DE LOS RÍOS,141,VALDIVIA,14103,LANCO,LANCO,CAPITAL COMUNAL,CIUDAD,8521,4144,4377,3136,4759743.765625,11421.3280425295,,
208,14,DE LOS RÍOS,141,VALDIVIA,14106,MARIQUINA,SAN JOSÉ DE LA MARIQUINA,CAPITAL COMUNAL,CIUDAD,9767,4682,5085,3353,5320044.51953125,13423.4223840751,,
209,14,DE LOS RÍOS,141,VALDIVIA,14107,PAILLACO,PAILLACO,CAPITAL COMUNAL,CIUDAD,11296,5555,5741,3983,5657359.23046875,12450.4094275354,,
210,14,DE LOS RÍOS,141,VALDIVIA,14108,PANGUIPULLI,PANGUIPULLI,CAPITAL COMUNAL,CIUDAD,11091,5196,5895,4381,8840640.93359375,19594.4357279814,,
211,14,DE LOS RÍOS,141,VALDIVIA,14101,VALDIVIA,VALDIVIA,CAPITAL REGIONAL,CIUDAD,150048,71906,78142,53867,77846881.7773438,128876.619978153,,
212,3,DE ATACAMA,32,CHAÑARAL,3201,CHAÑARAL,CHAÑARAL,CAPITAL PROVINCIAL,CIUDAD,11073,5641,5432,4250,5467760.64648438,20337.9510915419,,
213,3,DE ATACAMA,32,CHAÑARAL,3202,DIEGO DE ALMAGRO,EL SALVADOR,URBANO,CIUDAD,6032,3321,2711,3014,4979979.078125,11065.8899251069,,
214,3,DE ATACAMA,32,CHAÑARAL,3202,DIEGO DE ALMAGRO,DIEGO DE ALMAGRO,CAPITAL COMUNAL,CIUDAD,7223,3776,3447,3202,3606902.33007813,11111.924418684,,
215,3,DE ATACAMA,31,COPIAPÓ,3102,CALDERA,CALDERA,CAPITAL COMUNAL,CIUDAD,15547,7860,7687,7265,11521552.8085938,24879.4246875084,,
216,3,DE ATACAMA,31,COPIAPÓ,3101,COPIAPÓ,COPIAPÓ,CAPITAL REGIONAL,CIUDAD,150804,74866,75938,53625,43687527.9863281,55902.9892671274,,
217,3,DE ATACAMA,33,HUASCO,3304,HUASCO,HUASCO,CAPITAL COMUNAL,CIUDAD,7071,3618,3453,3025,4762818.68554688,11895.8062553545,,
218,3,DE ATACAMA,33,HUASCO,3301,VALLENAR,VALLENAR,CAPITAL PROVINCIAL,CIUDAD,45298,21933,23365,15901,16416590.1523438,20168.3641414218,,
219,3,DE ATACAMA,31,COPIAPÓ,3103,TIERRA AMARILLA,TIERRA AMARILLA,CAPITAL COMUNAL,CIUDAD,9857,5015,4842,3230,5004317.99414063,20793.289223884,,
220,12,DE MAGALLANES Y DE LA ANTÁRTICA CHILENA,124,ÚLTIMA ESPERANZA,12401,NATALES,PUERTO NATALES,CAPITAL PROVINCIAL,CIUDAD,19023,9431,9592,7973,16786846.046875,19330.0671799736,,
221,12,DE MAGALLANES Y DE LA ANTÁRTICA CHILENA,123,TIERRA DEL FUEGO,12301,PORVENIR,PORVENIR,CAPITAL PROVINCIAL,CIUDAD,5992,3334,2658,2439,11397531.9882813,22187.8628901054,,
222,12,DE MAGALLANES Y DE LA ANTÁRTICA CHILENA,122,ANTÁRTICA CHILENA,12201,CABO DE HORNOS,PUERTO WILLIAMS,CAPITAL PROVINCIAL,CIUDAD,1868,1039,829,662,2973458.40234375,9302.18433979792,,
223,12,DE MAGALLANES Y DE LA ANTÁRTICA CHILENA,121,MAGALLANES,12101,PUNTA ARENAS,PUNTA ARENAS,CAPITAL REGIONAL,CIUDAD,123403,60631,62772,46443,104279806.632813,72762.744552896,,
224,1,DE TARAPACÁ,14,TAMARUGAL,1401,POZO ALMONTE,POZO ALMONTE,CAPITAL PROVINCIAL,CIUDAD,9277,4632,4645,3326,6279398.54492188,13437.5241829193,,
225,1,DE TARAPACÁ,11,IQUIQUE,1107,ALTO HOSPICIO,ALTO HOSPICIO,CAPITAL COMUNAL,CIUDAD,105065,51602,53463,32824,28814202.6777344,30040.9692223494,,
226,1,DE TARAPACÁ,11,IQUIQUE,1101,IQUIQUE,IQUIQUE,CAPITAL REGIONAL,CIUDAD,188003,92813,95190,65264,23919408.2890625,47188.4380933295,,
227,15,DE ARICA Y PARINACOTA,151,ARICA,15101,ARICA,ARICA,CAPITAL REGIONAL,CIUDAD,202131,97886,104245,65888,48641858.0478516,61207.2094327794,,
228,15,DE ARICA Y PARINACOTA,152,PARINACOTA,15201,PUTRE,PUTRE,CAPITAL PROVINCIAL,CIUDAD,1716,1323,393,521,894925.974609375,5656.52048860452,,
229,2,DE ANTOFAGASTA,21,ANTOFAGASTA,2101,ANTOFAGASTA,ANTOFAGASTA,CAPITAL REGIONAL,CIUDAD,348517,171381,177136,110563,67156131.6347656,124105.798937726,,
230,2,DE ANTOFAGASTA,21,ANTOFAGASTA,2104,TALTAL,TALTAL,CAPITAL COMUNAL,CIUDAD,10933,5592,5341,3842,4281156.41210938,13591.7871054885,,
231,2,DE ANTOFAGASTA,22,EL LOA,2201,CALAMA,CALAMA,CAPITAL PROVINCIAL,CIUDAD,157575,79804,77771,52846,40476297.6289063,35624.800159402,,
232,2,DE ANTOFAGASTA,22,EL LOA,2203,SAN PEDRO DE ATACAMA,SAN PEDRO DE ATACAMA,CAPITAL COMUNAL,CIUDAD,5347,2593,2754,1954,2740562.11328125,11481.0656889571,,
233,2,DE ANTOFAGASTA,21,ANTOFAGASTA,2102,MEJILLONES,MEJILLONES,CAPITAL COMUNAL,CIUDAD,12784,7561,5223,3609,5739970.56835938,14434.8649145859,,
234,2,DE ANTOFAGASTA,23,TOCOPILLA,2301,TOCOPILLA,TOCOPILLA,CAPITAL PROVINCIAL,CIUDAD,24521,12036,12485,9129,9302636.65039063,33030.4058585169,,
235,16,DE ÑUBLE,161,DIGUILLÍN,16107,QUILLÓN,QUILLÓN,CAPITAL COMUNAL,CIUDAD,10279,4918,5361,5410,16334725.2070313,26988.1130912415,,
236,16,DE ÑUBLE,161,DIGUILLÍN,16102,BULNES,BULNES,CAPITAL PROVINCIAL,CIUDAD,11072,5185,5887,4210,7864734.84765625,13856.6610945446,,
237,16,DE ÑUBLE,162,ITATA,16201,QUIRIHUE,QUIRIHUE,CAPITAL PROVINCIAL,CIUDAD,9432,4496,4936,4075,5177027.1328125,15070.7869733807,,
238,16,DE ÑUBLE,162,ITATA,16203,COELEMU,COELEMU,CAPITAL COMUNAL,CIUDAD,10297,4942,5355,3581,7063130.453125,20094.7237918684,,
239,16,DE ÑUBLE,163,PUNILLA,16302,COIHUECO,COIHUECO,CAPITAL COMUNAL,CIUDAD,9089,4315,4774,3161,6045048.48828125,15686.783740326,,
240,16,DE ÑUBLE,163,PUNILLA,16301,SAN CARLOS,SAN CARLOS,CAPITAL PROVINCIAL,CIUDAD,32529,15093,17436,12508,14669384.3085938,23601.2899948213,,
241,16,DE ÑUBLE,161,DIGUILLÍN,16109,YUNGAY,YUNGAY,CAPITAL COMUNAL,CIUDAD,10884,5314,5570,4619,12075697.0351563,29164.4354780815,,
242,16,DE ÑUBLE,161,DIGUILLÍN,16101,CHILLÁN,CHILLÁN,CAPITAL REGIONAL,CIUDAD,164270,77214,87056,59751,59771638.4023438,45157.8712439654,,
243,16,DE ÑUBLE,161,DIGUILLÍN,16103,CHILLÁN VIEJO,CHILLÁN VIEJO,CAPITAL COMUNAL,CIUDAD,27359,12766,14593,9696,14143249.7265625,22164.6504505246,,
244,8,DEL BIOBÍO,83,BIOBÍO,8312,TUCAPEL,HUÉPIL,URBANO,CIUDAD,7780,3681,4099,3301,6740933.97265625,14000.8936059596,,
245,8,DEL BIOBÍO,82,ARAUCO,8202,ARAUCO,LARAQUETE,URBANO,CIUDAD,5014,2418,2596,1666,2880318.37890625,13746.0963643971,,
246,8,DEL BIOBÍO,82,ARAUCO,8202,ARAUCO,ARAUCO,CAPITAL COMUNAL,CIUDAD,17597,8519,9078,6253,9750764.6640625,27703.4599973278,,
247,8,DEL BIOBÍO,82,ARAUCO,8201,LEBU,LEBU,CAPITAL PROVINCIAL,CIUDAD,20961,10146,10815,7273,8546640.78515625,20657.0171576178,,
248,8,DEL BIOBÍO,82,ARAUCO,8203,CAÑETE,CAÑETE,CAPITAL COMUNAL,CIUDAD,19398,9032,10366,7098,8728156.0078125,19226.8276797013,,
249,8,DEL BIOBÍO,81,CONCEPCIÓN,8105,HUALQUI,HUALQUI,CAPITAL COMUNAL,CIUDAD,19643,9395,10248,6412,12282407.4140625,22277.712355393,,
250,8,DEL BIOBÍO,81,CONCEPCIÓN,8103,CHIGUAYANTE,CHIGUAYANTE,CAPITAL COMUNAL,CIUDAD,85633,40350,45283,28828,28789727.109375,41398.7967582112,,
251,8,DEL BIOBÍO,81,CONCEPCIÓN,8101,CONCEPCIÓN,CONCEPCIÓN,CAPITAL REGIONAL,CIUDAD,217537,104456,113081,83701,66571243.7109375,54736.0357914738,,
252,8,DEL BIOBÍO,81,CONCEPCIÓN,8112,HUALPÉN,HUALPÉN,CAPITAL COMUNAL,CIUDAD,90704,42946,47758,30389,25914001.796875,25061.0820815678,,
253,8,DEL BIOBÍO,81,CONCEPCIÓN,8102,CORONEL,CORONEL,CAPITAL COMUNAL,CIUDAD,112057,53665,58392,39410,64507086.8203125,51268.3069949322,,
254,8,DEL BIOBÍO,81,CONCEPCIÓN,8108,SAN PEDRO DE LA PAZ,SAN PEDRO DE LA PAZ,CAPITAL COMUNAL,CIUDAD,131521,62811,68710,47405,62736004.5039063,55342.6422431535,,
255,8,DEL BIOBÍO,82,ARAUCO,8206,LOS ÁLAMOS,LOS ÁLAMOS,CAPITAL COMUNAL,CIUDAD,15244,7294,7950,5536,11791901.5078125,38821.7292510565,,
256,8,DEL BIOBÍO,82,ARAUCO,8205,CURANILAHUE,CURANILAHUE,CAPITAL COMUNAL,CIUDAD,30139,14652,15487,10286,9655727.44140625,24744.9412161666,,
257,8,DEL BIOBÍO,83,BIOBÍO,8304,LAJA,LA LAJA,CAPITAL COMUNAL,CIUDAD,16089,7580,8509,5964,10830706.953125,20354.0989627811,,
258,8,DEL BIOBÍO,83,BIOBÍO,8310,SAN ROSENDO,SAN ROSENDO,CAPITAL COMUNAL,CIUDAD,2858,1363,1495,1103,3282476.77734375,9062.51461344366,,
259,8,DEL BIOBÍO,81,CONCEPCIÓN,8106,LOTA,LOTA,CAPITAL COMUNAL,CIUDAD,43272,20808,22464,15323,15218863.171875,30324.4842347818,,
260,8,DEL BIOBÍO,81,CONCEPCIÓN,8109,SANTA JUANA,SANTA JUANA,CAPITAL COMUNAL,CIUDAD,9549,4494,5055,3569,8922616.640625,12828.5295409672,,
261,8,DEL BIOBÍO,83,BIOBÍO,8301,LOS ÁNGELES,LOS ÁNGELES,CAPITAL PROVINCIAL,CIUDAD,143023,67985,75038,52196,47662866.3632813,43836.0358195667,,
262,8,DEL BIOBÍO,83,BIOBÍO,8306,NACIMIENTO,NACIMIENTO,CAPITAL COMUNAL,CIUDAD,22857,11017,11840,8137,14656958.9023438,21154.5944208671,,
263,8,DEL BIOBÍO,83,BIOBÍO,8305,MULCHÉN,MULCHÉN,CAPITAL COMUNAL,CIUDAD,24113,11625,12488,8254,9546360.74609375,13741.0177952276,,
264,8,DEL BIOBÍO,81,CONCEPCIÓN,8107,PENCO,PENCO,CAPITAL COMUNAL,CIUDAD,46718,22261,24457,15531,21554202.625,45133.9611720462,,
265,8,DEL BIOBÍO,81,CONCEPCIÓN,8110,TALCAHUANO,TALCAHUANO,CAPITAL COMUNAL,CIUDAD,147831,70641,77190,49716,73839235.7695313,77442.0475312654,,
266,8,DEL BIOBÍO,83,BIOBÍO,8311,SANTA BÁRBARA,SANTA BÁRBARA,CAPITAL COMUNAL,CIUDAD,7943,3686,4257,2939,4224548.67578125,11323.122587434,,
267,8,DEL BIOBÍO,81,CONCEPCIÓN,8111,TOMÉ,TOMÉ,CAPITAL COMUNAL,CIUDAD,42312,19613,22699,16129,19278126.3828125,40024.248101778,,
268,8,DEL BIOBÍO,83,BIOBÍO,8303,CABRERO,CABRERO,CAPITAL COMUNAL,CIUDAD,14978,7305,7673,5376,5109577.4609375,13765.2063058751,,
269,8,DEL BIOBÍO,83,BIOBÍO,8303,CABRERO,MONTE ÁGUILA,URBANO,CIUDAD,6574,3166,3408,2447,4745003.8203125,12077.6459997737,,
270,8,DEL BIOBÍO,83,BIOBÍO,8313,YUMBEL,YUMBEL,CAPITAL COMUNAL,CIUDAD,9751,4665,5086,3688,6592631.546875,14452.4938580696,,
